{"cameraMode":{"drawMode":0,"name":"Shaded","section":"Shading Mode"},"sceneLighting":false,"audioPlay":false,"sceneViewState":{"showFog":true,"showMaterialUpdate":false,"showSkybox":false,"showFlares":true,"showImageEffects":true,"showParticleSystems":true},"in2DMode":false,"pivot":{"x":-2.384185791015625e-7,"y":5.960464477539063e-8,"z":0.0},"rotation":{"x":0.2147221863269806,"y":0.17183731496334077,"z":-0.038407858461141589,"w":0.9606726169586182},"size":2.2466673851013185,"orthographic":false}