{"cameraMode":{"drawMode":0,"name":"Shaded","section":"Shading Mode"},"sceneLighting":true,"audioPlay":false,"sceneViewState":{"showFog":true,"showMaterialUpdate":false,"showSkybox":true,"showFlares":true,"showImageEffects":true,"showParticleSystems":true},"in2DMode":false,"pivot":{"x":155.27203369140626,"y":143.0721435546875,"z":195.96408081054688},"rotation":{"x":-0.03209584578871727,"y":0.00149907183367759,"z":0.00004764651384903118,"w":0.9994827508926392},"size":10.0,"orthographic":false}